<?xml version="1.0"?><h:html xmlns="http://www.w3.org/2002/xforms" xmlns:ev="http://www.w3.org/2001/xml-events" xmlns:h="http://www.w3.org/1999/xhtml" xmlns:jr="http://openrosa.org/javarosa" xmlns:odk="http://www.opendatakit.org/xforms" xmlns:orx="http://openrosa.org/xforms" xmlns:xsd="http://www.w3.org/2001/XMLSchema"><h:head><h:title>seosaw_stem_data</h:title><model><itext><translation default="true()" lang="default"><text id="/seosaw_stem_data/stem_repeat/group_condition/condition:label"><value form="image">jr://images/decay_class_table.png</value><value>Wood condition</value></text></translation></itext><instance><seosaw_stem_data id="seosaw_stem_data"><stem_repeat jr:template=""><group_stem><tag/><base/><species/><dbh/><height/><gps/><subplot/><healthy/></group_stem><group_condition><rtd/><upsvq/><cause/><condition/></group_condition><group_notes><notes_stem/><notes_base/><stem_image/></group_notes></stem_repeat><meta><instanceID/></meta></seosaw_stem_data></instance><bind nodeset="/seosaw_stem_data/stem_repeat/group_stem/tag" type="int"/><bind calculate="once( ../tag )" nodeset="/seosaw_stem_data/stem_repeat/group_stem/base" type="string"/><bind nodeset="/seosaw_stem_data/stem_repeat/group_stem/species" type="string"/><bind nodeset="/seosaw_stem_data/stem_repeat/group_stem/dbh" type="decimal"/><bind nodeset="/seosaw_stem_data/stem_repeat/group_stem/height" type="decimal"/><bind nodeset="/seosaw_stem_data/stem_repeat/group_stem/gps" type="geopoint"/><bind nodeset="/seosaw_stem_data/stem_repeat/group_stem/subplot" type="int"/><bind nodeset="/seosaw_stem_data/stem_repeat/group_stem/healthy" type="select1"/><bind nodeset="/seosaw_stem_data/stem_repeat/group_condition" relevant=" ../group_stem/healthy  = &quot;N&quot;"/><bind nodeset="/seosaw_stem_data/stem_repeat/group_condition/rtd" type="select1"/><bind nodeset="/seosaw_stem_data/stem_repeat/group_condition/upsvq" type="select"/><bind nodeset="/seosaw_stem_data/stem_repeat/group_condition/cause" type="select"/><bind nodeset="/seosaw_stem_data/stem_repeat/group_condition/condition" type="select1"/><bind nodeset="/seosaw_stem_data/stem_repeat/group_notes/notes_stem" type="string"/><bind nodeset="/seosaw_stem_data/stem_repeat/group_notes/notes_base" type="string"/><bind nodeset="/seosaw_stem_data/stem_repeat/group_notes/stem_image" type="binary"/><bind calculate="concat('uuid:', uuid())" nodeset="/seosaw_stem_data/meta/instanceID" readonly="true()" type="string"/></model></h:head><h:body><group ref="/seosaw_stem_data/stem_repeat"><label>Stem measurements</label><repeat nodeset="/seosaw_stem_data/stem_repeat"><group appearance="field-list" ref="/seosaw_stem_data/stem_repeat/group_stem"><label>Stem measurements</label><input ref="/seosaw_stem_data/stem_repeat/group_stem/tag"><label>Tag number</label></input><input ref="/seosaw_stem_data/stem_repeat/group_stem/species"><label>Species name</label></input><input ref="/seosaw_stem_data/stem_repeat/group_stem/dbh"><label>DBH (cm)</label></input><input ref="/seosaw_stem_data/stem_repeat/group_stem/height"><label>Height (m)</label></input><input ref="/seosaw_stem_data/stem_repeat/group_stem/gps"><label>GPS location of tree</label></input><input ref="/seosaw_stem_data/stem_repeat/group_stem/subplot"><label>Subplot number</label></input><select1 ref="/seosaw_stem_data/stem_repeat/group_stem/healthy"><label>Is the tree completely healthy</label><item><label>Yes</label><value>Y</value></item><item><label>No</label><value>N</value></item></select1></group><group appearance="field-list" ref="/seosaw_stem_data/stem_repeat/group_condition"><label>Stem condition</label><select1 ref="/seosaw_stem_data/stem_repeat/group_condition/rtd"><label>Type of death</label><item><label>Resprouting</label><value>R</value></item><item><label>Topkilled</label><value>T</value></item><item><label>Dead</label><value>D</value></item></select1><select ref="/seosaw_stem_data/stem_repeat/group_condition/upsvq"><label>Mode of death</label><item><label>Uprooted</label><value>U</value></item><item><label>Snapped</label><value>P</value></item><item><label>Standing</label><value>S</value></item><item><label>Vanished</label><value>V</value></item><item><label>Don't know</label><value>Q</value></item></select><select ref="/seosaw_stem_data/stem_repeat/group_condition/cause"><label>Cause of death</label><item><label>Neighbouring tree</label><value>N</value></item><item><label>Elephant</label><value>E</value></item><item><label>Fire</label><value>F</value></item><item><label>Human (e.g. cut or ringbarked)</label><value>H</value></item><item><label>Termites</label><value>M</value></item><item><label>Wind</label><value>W</value></item><item><label>Don't know</label><value>Q</value></item></select><select1 ref="/seosaw_stem_data/stem_repeat/group_condition/condition"><label ref="jr:itext('/seosaw_stem_data/stem_repeat/group_condition/condition:label')"/><item><label>1 - Intact</label><value>1</value></item><item><label>2</label><value>2</value></item><item><label>3</label><value>3</value></item><item><label>4</label><value>4</value></item><item><label>5 - Very rotten</label><value>5</value></item></select1></group><group appearance="field-list" ref="/seosaw_stem_data/stem_repeat/group_notes"><label>Extra notes</label><input ref="/seosaw_stem_data/stem_repeat/group_notes/notes_stem"><label>Notes for stem</label></input><input ref="/seosaw_stem_data/stem_repeat/group_notes/notes_base"><label>Notes for tree</label></input><upload mediatype="image/*" ref="/seosaw_stem_data/stem_repeat/group_notes/stem_image"><label>Image of stem</label></upload></group></repeat></group></h:body></h:html>