lat,long,elevation_m,distance_km
56.15768,-3.94327,61.7,0
56.15765,-3.943,62.2,0.017
56.15755,-3.94236,62.5,0.058
56.15738,-3.94133,61.8,0.125
56.15736,-3.94119,61.7,0.134
56.15713,-3.94023,60,0.199
56.15687,-3.93956,58.1,0.249
56.15662,-3.93917,54.9,0.286
56.15661,-3.93915,54.9,0.288
56.15639,-3.93884,55,0.319
56.15621,-3.93851,54.6,0.348
56.15599,-3.93794,52.9,0.391
56.15574,-3.9371,52.2,0.45
56.15561,-3.9366,52.1,0.484
56.15559,-3.93654,52,0.488
56.15558,-3.93633,52.5,0.501
56.15502,-3.93638,47.9,0.564
56.15449,-3.93647,44.5,0.623
56.15395,-3.936425,40,0.683
56.15341,-3.93638,33.7,0.743
56.15339,-3.9362,34.4,0.755
56.15338,-3.93601,35.2,0.766
56.15337,-3.93598,35.3,0.769
56.15335,-3.93559,37,0.793
56.15333,-3.93542,37.7,0.804
56.15332,-3.93531,38.2,0.811
56.15328,-3.93495,39.3,0.833
56.15321,-3.93472,39.5,0.85
56.15306,-3.9344,39.4,0.876
56.15301,-3.93433,39.3,0.883
56.1529,-3.93416,39.3,0.899
56.15239,-3.93353,39.2,0.968
56.15219,-3.93328,39.1,0.995
56.15169,-3.93255,38.6,1.067
56.15127,-3.93173,40.6,1.136
56.15114,-3.93135,40.1,1.163
56.15108,-3.93113,39.7,1.178
56.15107,-3.93108,39.6,1.182
56.15107,-3.93106,39.6,1.183
56.15093,-3.93016,40,1.241
56.15086,-3.93,39.7,1.254
56.1508,-3.92992,39.4,1.262
56.15057,-3.92975,38.5,1.29
56.1506,-3.92896,40.5,1.339
56.15056,-3.92867,40.8,1.357
56.15043,-3.9278,41.7,1.413
56.15039,-3.9275,42,1.432
56.1501,-3.92623,44.6,1.517
56.14984,-3.92526,45.6,1.584
56.14979,-3.92502,45.9,1.6
56.14978,-3.92493,46.2,1.606
56.14977,-3.92487,46.3,1.609
56.14977,-3.9248,46.5,1.614
56.14978,-3.92474,46.9,1.618
56.14979,-3.92469,47.2,1.621
56.14983,-3.92462,48.2,1.627
56.14987,-3.92453,49.2,1.634
56.15016,-3.92408,57.7,1.677
56.15028,-3.92382,62.4,1.698
56.15031,-3.92375,63.6,1.703
56.15034,-3.92372,64.6,1.707
56.15038,-3.92369,65.9,1.712
56.15042,-3.92369,66.9,1.717
56.15046,-3.92369,67.9,1.721
56.15051,-3.92375,68.8,1.728
56.15061,-3.9239,70.2,1.742
56.15104,-3.9246,74.1,1.807
56.15127,-3.92486,76.3,1.837
56.15147,-3.92504,78.2,1.862
56.15181,-3.92539,79.6,1.906
56.15191,-3.92544,79.9,1.917
56.15209,-3.92546,81.6,1.937
56.15214,-3.92545,82.3,1.943
56.15218,-3.92542,83.1,1.948
56.15227,-3.9253,85.7,1.96
56.15238,-3.92509,89.4,1.978
56.15267,-3.92443,97.8,2.03
56.15288,-3.924,102.1,2.066
56.15317,-3.92352,106.8,2.109
56.15338,-3.92304,110,2.147
56.15346,-3.9229,110.9,2.16
56.15365,-3.9219,115.4,2.225
56.15367,-3.92177,116,2.234
56.15388,-3.920615,122.9,2.309
56.15409,-3.91946,130.9,2.384
56.15432,-3.91854,137.3,2.447
56.15436,-3.91837,138.2,2.458
56.15444,-3.9182,139.8,2.472
56.15453,-3.91803,141.5,2.487
56.1547,-3.91771,145.5,2.514
56.15484,-3.91748,148.4,2.535
56.15495,-3.91734,150.5,2.55
56.15554,-3.91684,159,2.623
56.15563,-3.9168,159.9,2.633
56.15566,-3.91679,160.2,2.637
56.15571,-3.91678,160.7,2.642
56.15582,-3.91678,162,2.654
56.15598,-3.91681,163.4,2.672
56.15617,-3.91685,162.9,2.694
56.15665,-3.91687,161.4,2.747
56.1569,-3.9169,163.6,2.775
56.15697,-3.91689,164.1,2.783
56.15704,-3.91687,164.6,2.791
56.15707,-3.91685,164.7,2.794
56.15715,-3.91673,164.9,2.806
56.15716,-3.91671,164.9,2.807
56.15744,-3.91621,165.8,2.851
56.15767,-3.91586,168,2.885
56.15811,-3.91516,173,2.95
56.15817,-3.91504,173.7,2.96
56.15821,-3.9149,174,2.97
56.15822,-3.9148,173.8,2.976
56.15826,-3.91469,174.2,2.985
56.15831,-3.91461,174.8,2.992
56.15839,-3.91451,175.8,3.003
56.15883,-3.91415,180.8,3.057
56.15888,-3.91411,181.1,3.063
56.15901,-3.91404,182.1,3.078
56.15922,-3.91389,183.6,3.103
56.15939,-3.9137,184.5,3.125
56.15941,-3.91367,184.4,3.128
56.15955,-3.91354,184.1,3.146
56.1597,-3.91337,183.6,3.166
56.15982,-3.91322,183.1,3.182
56.15992,-3.91304,183.6,3.198
56.16,-3.91284,184.5,3.213
56.16008,-3.91268,185.4,3.226
56.16009,-3.91266,185.5,3.228
56.16012,-3.91255,186.1,3.235
56.16014,-3.91243,186.9,3.243
56.16015,-3.91238,187.2,3.247
56.16015,-3.91233,187.5,3.25
56.16015,-3.91227,187.9,3.253
56.16016,-3.91223,188.2,3.256
56.16016,-3.91222,188.3,3.257
56.16016,-3.91219,188.5,3.259
56.16016,-3.91215,188.7,3.261
56.16017,-3.91211,189,3.264
56.16018,-3.91206,189.4,3.267
56.16019,-3.91204,189.6,3.269
56.1602,-3.91201,189.9,3.271
56.16022,-3.912,190.1,3.273
56.16023,-3.91198,190.3,3.275
56.16028,-3.91199,190.5,3.28
56.16038,-3.91205,190.7,3.292
56.16084,-3.91231,191.3,3.346
56.16093,-3.91234,191.6,3.356
56.16105,-3.91237,192,3.37
56.16113,-3.91239,192.3,3.379
56.16116,-3.9124,192.4,3.382
56.16119,-3.91241,192.5,3.385
56.16122,-3.91244,192.4,3.389
56.16126,-3.91247,192.4,3.394
56.16129,-3.9125,192.3,3.398
56.16132,-3.91253,192.2,3.402
56.16136,-3.91257,192.2,3.407
56.16141,-3.91263,192,3.413
56.16148,-3.91269,191.9,3.422
56.16157,-3.91277,191.8,3.433
56.1616,-3.91279,191.8,3.437
56.16165,-3.91283,191.8,3.443
56.16171,-3.91285,192,3.45
56.16178,-3.91287,192.2,3.458
56.16185,-3.91288,192.5,3.465
56.16193,-3.91286,193,3.474
56.16202,-3.91281,193.8,3.485
56.16217,-3.91266,195.1,3.504
56.16241,-3.91238,196.8,3.536
56.16251,-3.91226,197.6,3.549
56.16272,-3.91208,198.6,3.575
56.16282,-3.912,198.8,3.587
56.16299,-3.91186,198.7,3.608
56.16315,-3.91169,198.8,3.629
56.1632,-3.91161,199,3.636
56.16335,-3.91138,199.5,3.658
56.16341,-3.91127,199.7,3.668
56.16348,-3.9112,199.6,3.677
56.16357,-3.91113,199.8,3.688
56.16374,-3.91098,200.5,3.709
56.16396,-3.91076,201.5,3.737
56.16402,-3.91069,201.8,3.745
56.1643,-3.91039,203.6,3.781
56.16443,-3.91022,204.7,3.799
56.16454,-3.91004,205.5,3.815
56.16467,-3.90985,206.2,3.834
56.16475,-3.90969,206.4,3.847
56.16486,-3.90937,206.6,3.871
56.16492,-3.90929,207,3.879
56.16499,-3.90922,207.4,3.888
56.16567,-3.90903,210.5,3.965
56.16599,-3.90889,211.7,4.001
56.16644,-3.90869,213.5,4.053
56.16657,-3.90862,214.2,4.068
56.1667,-3.90853,214.8,4.083
56.16687,-3.90839,215.7,4.104
56.16723,-3.90803,219.4,4.15
56.16745,-3.90779,221.5,4.179
56.16772,-3.9075,223.4,4.214
56.16779,-3.90739,223.6,4.224
56.16786,-3.90727,223.9,4.235
56.16793,-3.90716,224.1,4.245
56.168,-3.90709,224.4,4.254
56.16807,-3.90704,224.8,4.263
56.16813,-3.90701,225.1,4.27
56.16841,-3.90695,226.5,4.301
56.16852,-3.90692,227,4.313
56.16863,-3.90686,227.5,4.326
56.16876,-3.90678,228.1,4.341
56.16894,-3.90664,228.8,4.363
56.16907,-3.90653,229.5,4.379
56.16908,-3.90652,229.6,4.381
56.16924,-3.90638,230.5,4.4
56.16942,-3.90623,231.7,4.422
56.1696,-3.90605,233,4.445
56.16972,-3.90592,233.8,4.461
56.16994,-3.9057,234.8,4.489
56.17021,-3.90551,235.3,4.521
56.17044,-3.90538,235.2,4.548
56.17067,-3.90526,234.6,4.575
56.17082,-3.90516,234.1,4.593
56.17101,-3.90503,233.4,4.615
56.17112,-3.90492,232.8,4.629
56.17131,-3.90478,232.1,4.652
56.17154,-3.90462,231.3,4.68
56.17156,-3.90461,231.2,4.682
56.17157,-3.9046,231.2,4.683
56.17188,-3.90438,231,4.72
56.17209,-3.9042,231.4,4.746
56.17221,-3.90407,231.5,4.762
56.17239,-3.90387,231.7,4.785
56.1725,-3.90374,232.2,4.8
56.17276,-3.90336,233.7,4.837
56.1729,-3.90321,234.8,4.855
56.17298,-3.90312,235.3,4.866
56.17316,-3.90298,236.3,4.888
56.17333,-3.90294,236.8,4.907
56.17361,-3.90295,237.6,4.938
56.17386,-3.90298,238.1,4.966
56.174,-3.903,237.8,4.982
56.17415,-3.90305,237.6,4.999
56.17437,-3.90316,237.7,5.024
56.17453,-3.90324,237.8,5.042
56.17474,-3.90334,237.4,5.067
56.17496,-3.90341,236.9,5.091
56.17524,-3.9035,235.9,5.123
56.17549,-3.9036,234.8,5.152
56.17583,-3.90378,234.1,5.191
56.17611,-3.90397,234,5.224
56.17615,-3.90399,233.9,5.229
56.1763,-3.9041,233.6,5.247
56.1765,-3.90419,232.7,5.27
56.17659,-3.90422,232.3,5.28
56.17669,-3.90423,231.8,5.291
56.1768,-3.90423,231.2,5.304
56.17689,-3.9042,230.5,5.314
56.17702,-3.90413,229.4,5.329
56.17724,-3.90398,227.7,5.355
56.17745,-3.90385,226.7,5.38
56.17773,-3.9037,225.6,5.412
56.1778,-3.90364,225.3,5.421
56.17788,-3.90357,225,5.431
56.17805,-3.90339,225,5.453
56.17806,-3.90338,225,5.454
56.17814,-3.90331,225,5.464
56.17827,-3.90319,225,5.48
56.17839,-3.9031,225,5.495
56.17851,-3.903,225,5.51
56.17859,-3.90291,225,5.52
56.17863,-3.90285,225.2,5.526
56.17868,-3.90278,225.4,5.533
56.17873,-3.90269,225.7,5.541
56.17876,-3.90263,225.9,5.546
56.1788,-3.90255,226.2,5.552
56.17882,-3.90249,226.3,5.557
56.17894,-3.90219,227,5.58
56.17903,-3.90191,227.9,5.6
56.17912,-3.90171,228.4,5.616
56.17919,-3.90159,228.8,5.626
56.17945,-3.90116,231.2,5.666
56.17953,-3.90105,232,5.677
56.17959,-3.90097,232.7,5.685
56.17966,-3.9009,233.3,5.694
56.17975,-3.90083,234.1,5.705
56.18004,-3.90065,236.7,5.739
56.18021,-3.90055,238.3,5.759
56.18035,-3.90052,239.2,5.775
56.18072,-3.90048,241.6,5.816
56.18118,-3.9004,245.4,5.868
56.18138,-3.90036,247,5.89
56.18163,-3.90033,248.4,5.918
56.18201,-3.90027,250.7,5.96
56.18253,-3.90018,253.1,6.019
56.18307,-3.90009,255.1,6.079
56.18309,-3.90008,255.3,6.081
56.18371,-3.89998,256.7,6.15
56.18383,-3.89997,256.8,6.164
56.18395,-3.89996,256.9,6.177
56.18406,-3.89998,256.7,6.19
56.18419,-3.90002,256.4,6.204
56.18429,-3.90003,256.4,6.215
56.18441,-3.90003,256.5,6.229
56.18449,-3.90001,256.7,6.238
56.18456,-3.89997,257.1,6.246
56.18461,-3.89993,257.5,6.252
56.18468,-3.89987,258,6.261
56.18476,-3.89979,258.6,6.271
56.18487,-3.89973,259.1,6.284
56.18504,-3.89965,259.9,6.303
56.18519,-3.8996,260.5,6.32
56.18527,-3.89956,260.9,6.329
56.18539,-3.8995,261.6,6.343
56.18546,-3.89946,262,6.351
56.18555,-3.89943,261.9,6.362
56.18562,-3.89942,261.8,6.369
56.18576,-3.89939,261.7,6.385
56.18583,-3.89937,261.6,6.393
56.18586,-3.89937,261.6,6.396
56.186,-3.89931,261.7,6.412
56.18622,-3.89919,261.8,6.438
56.18634,-3.89913,261.4,6.452
56.18642,-3.89909,261.2,6.461
56.18651,-3.89907,260.7,6.471
56.18659,-3.89907,260.1,6.48
56.18663,-3.89907,259.9,6.485
56.18675,-3.89905,259.2,6.498
56.18677,-3.89905,259,6.5
56.18684,-3.89903,258.6,6.508
56.18696,-3.89898,257.9,6.522
56.18711,-3.89888,257.3,6.54
56.18726,-3.89874,256.8,6.558
56.18746,-3.89848,256.7,6.586
56.18754,-3.89834,256.9,6.598
56.18761,-3.89818,257.6,6.611
56.18764,-3.89807,258.2,6.619
56.18766,-3.89795,259,6.626
56.1877,-3.89777,260.1,6.638
56.18772,-3.89766,260.8,6.645
56.18775,-3.89757,261.3,6.652
56.18778,-3.8975,261.7,6.657
56.18779,-3.89749,261.7,6.659
56.18783,-3.89743,261.9,6.665
56.18793,-3.89736,261.9,6.676
56.18807,-3.89728,261.7,6.693
56.18817,-3.89721,261.6,6.705
56.18828,-3.89709,261.7,6.719
56.1884,-3.89694,262,6.735
56.18859,-3.89665,263.1,6.763
56.18874,-3.8964,263.4,6.786
56.18882,-3.89622,263.7,6.8
56.18891,-3.89595,264.1,6.82
56.18905,-3.89545,264.4,6.854
56.18921,-3.89481,265.1,6.898
56.18942,-3.89393,264.8,6.957
56.18956,-3.89355,263.8,6.985
56.18965,-3.89333,262.9,7.002
56.18973,-3.89305,262.4,7.022
56.18978,-3.89282,262.2,7.037
56.18979,-3.89274,262.2,7.042
56.18982,-3.89262,262.1,7.05
56.18989,-3.89249,261.5,7.061
56.19003,-3.89235,260.2,7.079
56.19011,-3.89226,259.5,7.09
56.19017,-3.89219,259.1,7.098
56.19018,-3.89218,259,7.099
56.19024,-3.89211,258.6,7.107
56.19031,-3.89208,258,7.115
56.19035,-3.89208,257.7,7.119
56.19037,-3.89207,257.5,7.122
56.19045,-3.89208,256.7,7.131
56.19052,-3.89209,256,7.139
56.19061,-3.89213,255,7.149
56.19068,-3.89217,254.1,7.157
56.19078,-3.89226,252.7,7.169
56.19086,-3.89233,251.5,7.179
56.19093,-3.89238,250.4,7.188
56.19098,-3.8924,249.9,7.193
56.19104,-3.89242,249.4,7.2
56.19122,-3.89247,248.1,7.221
56.19124,-3.89248,247.9,7.223
56.19127,-3.89249,247.7,7.226
56.19133,-3.89251,247.2,7.233
56.1914,-3.89255,246.6,7.241
56.19146,-3.89257,246.1,7.248
56.19149,-3.89258,245.9,7.251
56.19152,-3.89258,245.7,7.255
56.19156,-3.89258,245.5,7.259
56.19164,-3.89256,245.2,7.268
56.19177,-3.8925,245.7,7.283
56.19179,-3.89249,245.8,7.285
56.19186,-3.89246,246,7.293
56.1919,-3.89246,246.1,7.298
56.19194,-3.89246,246.1,7.302
56.19197,-3.89246,246.2,7.306
56.192,-3.89247,246.2,7.309
56.19201,-3.89247,246.2,7.31
56.19202,-3.89247,246.3,7.311
56.19204,-3.89246,246.3,7.314
56.19206,-3.89244,246.4,7.316
56.19208,-3.89242,246.4,7.319
56.19215,-3.89231,246.5,7.329
56.19216,-3.89229,246.5,7.331
56.19228,-3.89198,246.2,7.354
56.1924,-3.89162,246.3,7.38
56.19248,-3.89126,246.5,7.404
56.19262,-3.89062,247.9,7.447
56.19267,-3.89045,248.2,7.459
56.19271,-3.89036,248.3,7.466
56.19273,-3.89031,248.4,7.47
56.19274,-3.89028,248.4,7.472
56.19277,-3.89024,248.4,7.476
56.1928,-3.89021,248.4,7.48
56.19283,-3.89018,248.4,7.484
56.19287,-3.89017,248.3,7.488
56.19293,-3.89016,248.2,7.495
56.19314,-3.89015,248.7,7.518
56.19316,-3.89015,248.8,7.52
56.19335,-3.89011,249.7,7.542
56.1936,-3.89007,250.9,7.57
56.19364,-3.89007,251.1,7.574
56.19369,-3.89007,251.3,7.58
56.19379,-3.89008,252,7.591
56.19381,-3.89009,252.1,7.593
56.19393,-3.89011,253,7.606
56.19433,-3.8902,255.7,7.651
56.19438,-3.89021,256,7.657
56.19444,-3.89021,256.5,7.664
56.19456,-3.89022,257.6,7.677
56.19468,-3.89023,258.6,7.69
56.1948,-3.89028,259.7,7.704
56.1949,-3.89032,260.5,7.716
56.1951,-3.89042,262.3,7.739
56.19565,-3.89072,267.1,7.803
56.19589,-3.89085,269,7.83
56.19609,-3.89101,270.4,7.855
56.19624,-3.89104,271.5,7.872
56.1969,-3.89147,275,7.95
56.1971,-3.89159,275.9,7.973
56.19712,-3.89161,276,7.976
56.19718,-3.89165,276.2,7.983
56.1972,-3.89166,276.3,7.985
56.19723,-3.89167,276.4,7.989
56.19728,-3.89167,276.7,7.994
56.19735,-3.89162,277,8.003
56.19741,-3.89156,277.2,8.01
56.19745,-3.89149,277.4,8.016
56.19758,-3.89126,278,8.037
56.19798,-3.89047,281.8,8.103
56.19854,-3.8894,287.4,8.194
56.199075,-3.88838,292.8,8.281
56.19961,-3.88736,297.5,8.368
56.19988,-3.88685,300.1,8.411
56.200235,-3.886195,304.4,8.468
56.20059,-3.88554,307.5,8.524
56.20088,-3.88499,309.1,8.571
56.20103,-3.88469,310,8.596
56.20132,-3.88416,311.5,8.642
56.20157,-3.88375,312.7,8.68
56.20183,-3.88336,313.9,8.718
56.20196,-3.88315,314.5,8.737
56.20199,-3.88311,314.5,8.741
56.2021,-3.88299,314.7,8.756
56.20219,-3.88289,314.9,8.767
56.20228,-3.88283,314.9,8.778
56.20246,-3.88277,314.8,8.798
56.20268,-3.88272,314.4,8.823
56.20292,-3.88265,313.2,8.85
56.20343,-3.8825,311.2,8.908
56.20356,-3.88246,311.1,8.922
56.20402,-3.88234,310.8,8.974
56.20411,-3.88233,310.6,8.984
56.20422,-3.88234,310.2,8.996
56.20453,-3.88237,309.3,9.031
56.20465,-3.88238,309,9.044
56.20511,-3.88245,307.4,9.096
56.20543,-3.88247,306.3,9.131
56.20555,-3.88248,305.9,9.145
56.20562,-3.88246,305.8,9.153
56.20567,-3.88246,305.6,9.158
56.20585,-3.88241,305.3,9.179
56.20614,-3.88231,304.7,9.211
56.20642,-3.8822,304.2,9.243
56.20668,-3.88207,303.8,9.273
56.20696,-3.88187,303.6,9.307
56.20754,-3.88146,302.9,9.376
56.2083,-3.88095,300.1,9.467
56.20894,-3.88046,298.6,9.544
56.20939,-3.88009,297,9.599
56.21014,-3.87944,293.4,9.692
56.21035,-3.87926,292.5,9.718
56.21104,-3.87866,290,9.803
56.21122,-3.87853,288.9,9.825
56.21156,-3.87834,286.7,9.864
56.21187,-3.87817,285.6,9.9
56.21209,-3.87805,284.8,9.926
56.21228,-3.87793,284,9.948
56.21244,-3.87778,283.1,9.968
56.21258,-3.87759,282.3,9.988
56.2127,-3.87734,281.8,10.008
56.2128,-3.87708,281.5,10.028
56.21305,-3.87645,280.7,10.076
56.21327,-3.87592,280.5,10.117
56.21359,-3.87524,280.6,10.172
56.21375,-3.8749,280.7,10.2
56.21388,-3.87453,280.7,10.227
56.214,-3.87417,280.5,10.253
56.21404,-3.87406,280.5,10.261
56.21415,-3.87373,280.7,10.285
56.21423,-3.87355,280.8,10.299
56.21434,-3.87337,280.9,10.315
56.21445,-3.87321,280.8,10.331
56.2146,-3.87294,281,10.355
56.21475,-3.87261,281.4,10.381
56.21491,-3.87228,281.7,10.408
56.21515,-3.87176,282.1,10.45
56.21541,-3.87126,282.3,10.492
56.21549,-3.87112,282.3,10.505
56.21566,-3.8709,282.2,10.528
56.21597,-3.87053,282.9,10.57
56.2164,-3.86999,283.8,10.628
56.21662,-3.86972,283.6,10.658
56.21694,-3.86933,283.1,10.701
56.21714,-3.86908,282.7,10.728
56.21716,-3.86906,282.7,10.73
56.21744,-3.8687,281.8,10.769
56.2178,-3.86821,280.8,10.819
56.21826,-3.86758,279.1,10.883
56.21894,-3.86666,275.1,10.978
56.21936,-3.86609,274.1,11.037
56.21984,-3.86545,274.4,11.103
56.21999,-3.86523,274.9,11.125
56.22009,-3.86508,275.4,11.139
56.22016,-3.86495,275.8,11.15
56.22022,-3.86483,276.2,11.16
56.22023,-3.8648,276.3,11.162
56.22031,-3.86462,276.9,11.177
56.22037,-3.86444,277.5,11.19
56.22051,-3.86403,278,11.22
56.2206,-3.86377,278.4,11.238
56.2208,-3.86323,279.5,11.279
56.22087,-3.86304,279.8,11.293
56.221,-3.86271,280.1,11.318
56.22117,-3.86233,280.2,11.348
56.22131,-3.86207,280.3,11.37
56.22151,-3.86173,279.8,11.401
56.22166,-3.8614,279.6,11.427
56.2218,-3.86109,279.2,11.452
56.2223,-3.85996,277.4,11.541
56.222625,-3.85923,276.5,11.599
56.22295,-3.8585,276.1,11.657
56.22338,-3.857525,275.8,11.734
56.22381,-3.85655,275.3,11.811
56.22405,-3.85603,273.8,11.853
56.22434,-3.85537,271.7,11.905
56.2244,-3.85521,271.3,11.917
56.22446,-3.85502,270.9,11.931
56.2245,-3.85488,270.8,11.94
56.22453,-3.85474,270.6,11.95
56.22455,-3.85462,270.4,11.957
56.22459,-3.85434,270,11.975
56.22468,-3.85366,269.3,12.019
56.22475,-3.85319,269.3,12.049
56.22495,-3.85187,269.7,12.133
56.22501,-3.85142,269.9,12.162
56.2251,-3.85074,269.1,12.205
56.22515,-3.85037,269.2,12.229
56.22519,-3.85012,269.3,12.245
56.22524,-3.84976,269.2,12.268
56.22528,-3.84956,269,12.281
56.22533,-3.84932,268.7,12.297
56.2254,-3.84902,267.9,12.317
56.22551,-3.84858,267,12.347
56.22557,-3.84837,266.7,12.361
56.22566,-3.8481,266.3,12.381
56.22574,-3.84789,266.1,12.397
56.22585,-3.84759,266.1,12.419
56.22592,-3.84738,266.1,12.434
56.22596,-3.84727,266,12.442
56.22602,-3.84713,265.7,12.453
56.22609,-3.84701,265.4,12.464
56.22618,-3.84686,264.9,12.478
56.22634,-3.84666,264.3,12.499
56.22656,-3.84639,263.9,12.529
56.22674,-3.84617,264.2,12.553
56.22689,-3.84599,264.7,12.573
56.22695,-3.84592,264.9,12.581
56.22702,-3.84585,265.1,12.59
56.22711,-3.84576,265.3,12.602
56.22746,-3.84547,265.5,12.644
56.22782,-3.84517,266,12.689
56.22798,-3.84504,266.2,12.708
56.22806,-3.84496,266.3,12.718
56.22816,-3.84485,266.1,12.731
56.22827,-3.8447,266,12.747
56.22874,-3.84401,265.7,12.814
56.22907,-3.84352,265.7,12.862
56.22934,-3.84312,266.1,12.901
56.2295,-3.84286,265.7,12.925
56.22975,-3.84238,265.7,12.966
56.2301,-3.84172,267.1,13.022
56.23026,-3.84141,267,13.048
56.23043,-3.84114,266.9,13.073
56.23059,-3.8409,266.7,13.097
56.231045,-3.84029,266.8,13.16
56.2315,-3.83968,266.9,13.223
56.23178,-3.83931,266.9,13.262
56.23219,-3.83874,267.2,13.319
56.23238,-3.83848,266.7,13.346
56.23292,-3.83772,264.6,13.422
56.23354,-3.83682,262.1,13.511
56.2337,-3.83659,261.5,13.534
56.23419,-3.83582,259.1,13.606
56.23451,-3.83539,257.7,13.651
56.23461,-3.83528,257.4,13.664
56.23485,-3.83503,256.9,13.695
56.23508,-3.83479,256.2,13.724
56.23511,-3.83475,256.1,13.728
56.2357,-3.83412,253.5,13.805
56.23626,-3.8335,251,13.878
56.23672,-3.83302,246.4,13.937
56.23706,-3.83271,242.5,13.979
56.23726,-3.83254,239.8,14.004
56.23774,-3.83215,233.1,14.063
56.23805,-3.83191,230,14.1
56.23823,-3.83177,228.3,14.122
56.23855,-3.83142,226.3,14.164
56.23889,-3.83105,224.8,14.208
56.23942,-3.83041,222.8,14.279
56.23955,-3.83026,222.4,14.296
56.23964,-3.83013,222.1,14.309
56.23974,-3.82991,221.9,14.327
56.240165,-3.829035,220.9,14.399
56.24059,-3.82816,219.7,14.47
56.24061,-3.82812,219.7,14.474
56.2408,-3.8277,218.9,14.507
56.241275,-3.82687,217.1,14.581
56.24175,-3.82604,215.2,14.655
56.242145,-3.82533,215.2,14.717
56.24254,-3.82462,216.1,14.779
56.24298,-3.82383,216.5,14.848
56.24342,-3.82304,218.2,14.917
56.24392,-3.82214,219.2,14.996
56.24411,-3.82192,219.4,15.021
56.24467,-3.82121,218.8,15.098
56.24508,-3.820725,216.7,15.152
56.24549,-3.82024,213.7,15.207
56.24574,-3.81988,211.7,15.242
56.24613,-3.819275,208.2,15.3
56.24652,-3.81867,203.6,15.357
56.24698,-3.8179,199.7,15.427
56.247385,-3.81713,197.2,15.493
56.24779,-3.81636,194.9,15.558
56.24812,-3.815735,192,15.611
56.24845,-3.81511,189.8,15.665
56.24878,-3.81443,188.1,15.721
56.249205,-3.81343,184.4,15.798
56.24963,-3.81243,180.7,15.876
56.25017,-3.81125,176.9,15.971
56.2502,-3.8112,176.7,15.975
56.25057,-3.81048,173.4,16.036
56.2509,-3.809835,170.8,16.09
56.25123,-3.80919,168.8,16.145
56.25141,-3.80887,167.7,16.173
56.25159,-3.80871,166.3,16.195
56.25202,-3.808175,163.2,16.253
56.25245,-3.80764,160.7,16.311
56.25266,-3.8074,159.5,16.339
56.25282,-3.80723,158.6,16.36
56.25297,-3.8071,157.9,16.378
56.25309,-3.807,157.2,16.393
56.25314,-3.80696,156.9,16.399
56.25321,-3.80685,156.4,16.41
56.25325,-3.80679,156.1,16.415
56.25329,-3.80671,155.8,16.422
56.25332,-3.80662,155.7,16.428
56.25334,-3.80655,155.5,16.433
56.25336,-3.80645,155.4,16.44
56.25336,-3.80637,155.4,16.445
56.25336,-3.8063,155.4,16.449
56.25336,-3.80623,155.4,16.454
56.25335,-3.80615,155.5,16.459
56.25333,-3.80596,155.6,16.471
56.25333,-3.80582,155.6,16.479
56.25333,-3.80574,155.6,16.484
56.25334,-3.80565,155.5,16.49
56.25336,-3.80559,155.4,16.494
56.25345,-3.80535,155,16.512
56.25366,-3.80499,154.5,16.544
56.25376,-3.80478,154.1,16.561
56.25385,-3.80458,153.7,16.577
56.25391,-3.80449,153.4,16.586
56.25397,-3.80443,153.1,16.594
56.25407,-3.80432,152.6,16.607
56.25423,-3.8042,151.9,16.626
56.25443,-3.80409,151.2,16.649
56.25464,-3.80397,150.4,16.674
56.25491,-3.80378,149.1,16.706
56.25513,-3.80362,147.8,16.733
56.25536,-3.80343,146.6,16.761
56.2555,-3.80329,145.9,16.779
56.2556,-3.80322,145.2,16.79
56.25566,-3.80321,144.9,16.797
56.25573,-3.80322,144.5,16.805
56.25582,-3.80325,144,16.815
56.25586,-3.80329,143.8,16.82
56.2559,-3.80338,143.6,16.827
56.25594,-3.80346,143.4,16.834
56.25595,-3.80354,143.3,16.839
56.25596,-3.80364,143.3,16.845
56.25597,-3.80372,143.2,16.85
56.25596,-3.80383,143.3,16.857
56.25595,-3.80405,143.3,16.871
56.25587,-3.80482,144,16.919
56.25587,-3.80492,144.1,16.926
56.25587,-3.80502,144.3,16.932
56.25588,-3.80509,144.3,16.936
56.25589,-3.80515,144.3,16.94
56.25593,-3.80523,144.2,16.947
56.25617,-3.80522,142.8,16.974
56.25633,-3.80525,142,16.991
56.25629,-3.80421,141.5,17.056
56.25623,-3.80262,141.8,17.154
56.256175,-3.80136,141.1,17.233
56.25612,-3.8001,141.3,17.311
56.25605,-3.79857,142.5,17.406
56.25598,-3.79704,142.9,17.501
56.255925,-3.79575,142.7,17.581
56.25587,-3.79446,142,17.661
56.25584,-3.79339,140,17.727
56.25585,-3.7925,138.7,17.782
56.25587,-3.79177,137.5,17.827
56.25588,-3.79129,137.3,17.857
56.25592,-3.7908,137.2,17.887
56.25595,-3.79032,137.3,17.917
56.25598,-3.79002,136.9,17.936
56.25603,-3.7896,136.2,17.963
56.25609,-3.78914,136,17.992
56.25615,-3.7887,135.7,18.02
56.25622,-3.78858,135.5,18.031
56.25625,-3.78851,135.4,18.036
56.2563,-3.7884,135.2,18.045
56.25635,-3.78834,135.1,18.052
56.25639,-3.7883,135.1,18.057
56.25646,-3.78824,135,18.065
56.25651,-3.7882,135,18.071
56.25655,-3.78822,135,18.076
56.25661,-3.78825,135,18.083
56.25677,-3.78829,135,18.101
56.25689,-3.78829,134.9,18.114
56.2571,-3.7882,134.3,18.138
56.25723,-3.78809,133.9,18.154
56.25733,-3.788,133.6,18.167
56.2574,-3.78789,133.4,18.177
56.25747,-3.78778,133.2,18.188
56.25758,-3.78753,132.8,18.207
56.25767,-3.78732,131.7,18.224
56.25771,-3.78722,131.3,18.231
56.25789,-3.78676,129.6,18.266
56.25793,-3.78668,129.5,18.273
56.25799,-3.78653,129.4,18.284
56.25809,-3.78633,129.2,18.301
56.25821,-3.7861,129.2,18.32
56.25831,-3.78593,129.1,18.336
56.25834,-3.7859,129.1,18.339
56.25847,-3.78573,129,18.357
56.25854,-3.78563,128.9,18.367
56.25865,-3.78551,128.8,18.382
56.25869,-3.78547,128.7,18.387
56.25865,-3.78551,128.8,18.392
56.25854,-3.78563,128.9,18.406
56.25845,-3.78538,129.4,18.425
56.25842,-3.7853,129.5,18.43
56.25838,-3.78518,129.6,18.439
56.25837,-3.78509,129.6,18.445
56.25836,-3.78498,129.6,18.452
56.25836,-3.78487,129.6,18.458
56.25837,-3.78476,129.6,18.465
56.25839,-3.78463,129.6,18.474
56.25842,-3.78453,129.6,18.481
56.25852,-3.78428,129.5,18.5
56.25863,-3.78402,129.5,18.52
56.25892,-3.78333,129,18.574
56.25922,-3.78262,128.4,18.629
56.25924,-3.78257,128.3,18.632